user_id,activated_at
STug3Q97q49NCzVpQRRSbA,1548248170.0
C7gOxP8n4uQ_oSJrvPStHw,1560446187.0
tzGVvhOIQpH2vQQIkdjiFw,1560188531.0
rbXgppAnGCG_kk8vXnybQw,1560201061.0
GHrdpsL6BgO1C2ak9RV7Og,1571676370.0
2xRayXy3PSKamgcFAT13UQ,1561380514.0
5Kbssh0pUAnf4peHc6PrLg,1568761845.0
R0TTDQmPxiVLjQ0HnqUhlA,1568767145.0
SYT0VDRqhXw-keO2G3v3XA,1569961641.0
c3CKGUAySWjL66ieAr2VMA,1569000499.0
komSk04ZBQG606gXXnbUgg,1560470696.0
sYac1l4B61nDJ7wzpihXAQ,1568851121.0
wHPyWMMw-7FZ9ey29y71zw,1568917083.0
b1LBmpMaD0hzvCFU3MszEQ,1569863284.0
awSGh8HcM6DXWecen6gi3A,1569859459.0
xY-X_pCjUsOOZ8b_Q-z3pg,1545342357.0
ozYPA-O2z-uL0GlKj6HCyA,1568842202.0
j9dt0J1jbAqURecNZ4sKmA,1539782657.0
IiP5K8KT73G02CnyyEmQIA,1542733133.0
Y6m9gqk1tGNOoAPe0P8xCg,1559761420.0
scWyRGQLxJzrVIWme_dwdw,1568844710.0
nnyP9SOHcEimEheAZqyAUA,1569607389.0
huGWhxo25TTsnvtNWOADlg,1569255265.0
bWD0MSjZSLnqWOmQrEYY9g,1568815299.0
WXyg2wGYw9ZYUgLbaYWGfQ,1568258141.0
6_Y2t0p_5nw_Fk5DzpGbGA,1568819013.0
Cl37CuxcOR7wCs_8tjba1w,1542768481.0
9Pa9LI3WaoIYy40jAyDZIw,1561149070.0
5r2EbXyOiXUyo1feXFlgLQ,1560781334.0
499XnwUcT34Dm_v8JEWbtg,1568818531.0
uNHe0lyKaid7Uf5b8DXGXw,1568825119.0
tYxFo0SPMDl6BbuQOGwvow,1543860232.0
Lf3nWSZ8IsyMRD5kmNDgBg,1558989279.0
-zN0KEyLK3RrYKo_LhIQIg,1560188460.0
StdDq7oF6SxJ0JiK0OXUnA,1560208809.0
Gm91zeheZTm8T5e3aw4e3Q,1569337376.0
otgy3-6BStupyq_lvOMw3w,1569879865.0
6hlUsYFN9UgzwVZHKGOu8g,1569859423.0
zFmeduHXlDzO4MIFTIBgvQ,1560281873.0
LSwTIxBPHIGxnmyKZnhiyw,1544625383.0
_3xYH3RTcCsMOrRJFimKog,1568844539.0
LsQOnCEE8Fu118f_M6rHDQ,1569803760.0
tt772NYhZ70bs-7gRmR4Iw,1568829389.0
gG4mxXfzeX3kc3SdRPUT6g,1560359937.0
Bjypv5fZSzWiff34ODLo2A,1560506521.0
AgH9z5HqPV8A0n4YTaLepg,1568841379.0
XZGTbBnEIuWg0_Nu-nUo9w,1568826280.0
l5ECX9suY3EGRDIB4vecwg,1559732780.0
5w4vVO1BIth8bUvFrRsSHw,1568901332.0
YDb4E3cyRb0fWt44rcbdaA,1568995382.0
qoTgfX7NExwBZg8Pp_gkyw,1544549206.0
Ys27tBFO93HDevUmODlbZQ,1561476919.0
SgnWHhy7uMQEOD0Ex72lag,1568757497.0
FPwDYvuk8MHosGZFyrcjiw,1559926245.0
HsKIuCvpgiFBoLcvhIsO-w,1568930872.0
fRzdpO4wgZG2t3-WfPvRqg,1569601984.0
4rJhwW5251o37ShidfdNww,1569003208.0
aoejGN9sTIRaPOtnBgxvCw,1569991617.0
C2vEyx_XzCENASzQac8iCg,1574035669.0
Oa7DQMjxCiSPnxzvHym2SQ,1539318894.0
0Tg9Xd2V45LNcJQqj0NERA,1568831818.0
6y3FeSJsgjipXYfNHBx8Hg,1568754717.0
c4SoDvW1j6hLtxUd4QpIjw,1569607878.0
o312OkJ8GMlaY63JyEfTmQ,1569281973.0
vjZUAB0EWuF6JBujaFIPOw,1568756733.0
qnBueOTf36BgZ_BBSSDQMA,1569859749.0
Wzs3BE4Pd1qIR693-QjYxg,1568982980.0
Vdl3SPtuWETrwk30-SMAYQ,1569001253.0
iq0fFxRiF51T8gDiUaNHRg,1560287740.0
7wmCM84NZw75k5Ixi3iX2w,1569877807.0
ZhKxdzFxF5gZ_evdepTT1g,1568253438.0
_qaot7hVzlbv3MoeSnE_ZQ,1568992047.0
1i2L6y23yOmyS5loj2XRBg,1568826740.0
-D1EFmhZyIkPiNDaI_ItLw,1568904651.0
N-5xOwm0FTe1EUvnvBN2TQ,1560193376.0
5Rf22JDTRZ1Q-WL_rYMEsA,1559187625.0
Bo3KaZEApORRF1_FjZU_6w,1568842518.0
xyNDk47uPLwa5iGvVuq4Uw,1568926150.0
1XzQv-aLk5fJIRkLf3waLA,1540580835.0
DOfHmQfulqpJeJ4ugNIQrQ,1569620034.0
b95HFuePaUdpu92si77BdA,1568824893.0
ImD2EzfS_aun7MNsYFf1FA,1568993173.0
inxK8IkjLOtrf8tZ-4TAow,1539715733.0
xaTYKF1LjVrmVao7WboOZQ,1549390334.0
p8LaJ5h3mqCaRcG03Knb3g,1573669870.0
h1lmWte9OwWxieCUuVbaKw,1560869601.0
rQor0t-518QXLc84yd3Czg,1560786220.0
qzT7T5pdZWet5i3lafL3Fg,1568899299.0
vq9gZzEN3DhTAgyR6O_WrA,1559133745.0
UTW0l79PkYYYQ-IrDR4Z-A,1568997097.0
Tua86egFvp9usF9l0IT5Rg,1560544420.0
7Fk_jytZ0txVt1hPEyXzFA,1569264060.0
-gSr06ucmcwGWlpJj-WkWw,1569865586.0
Hw21gePFMM3wceDrqtQqGA,1568934866.0
PzGXeAkKHQLbeelF5A6Xew,1564495727.0
J8q1ZC7tI1pr0p4800Xy2g,1568992022.0
oIAfDr7ahp_Lq-ldsv9-vQ,1567538127.0
VHu_W_K_2xvOyn9w-Qp93A,1560184200.0
WlMgVpyJ7tb7ykyVvN9D7Q,1568756968.0
x2OghRaw60TxGimIAGlmDw,1568793584.0
OKo7fKCXWfyYKM3CkmjjAQ,1560266210.0
zRVA6aqtwlW9I5v_EdvlfA,1569899038.0
WIbpuYr8sa-Ww9ynHe2tDQ,1568994133.0
e78GhyQ2pY85IJA0Ykw0TA,1542381624.0
xly21ZBVMDSBVwwWbhQLRw,1560359708.0
SBGc5pU1L1-pJzldDxNfQA,1568989353.0
t7WDtLd8p2peQodJLfhdXA,1568824793.0
hYxAsmMh22p169ngT8BJVg,1568909141.0
FNgIGUuKOjw_bzHN34vWqA,1569273497.0
OsHbf8oWuR3yKMY2Epsgkg,1569012861.0
XZ4Vnr03W_kcHEU8jsqs1g,1569412798.0
WS-Aphc_ObanySersrfeWw,1564696765.0
8URg3HySEtK5YYuV02H-Wg,1568807390.0
ezWu4NPz39sH_g7hurCHQQ,1568828726.0
O5tkXVqdrju69xn0ikVinw,1568851637.0
1_Fjzbq7YOWKRDZRquIFfw,1569269173.0
WFMDPZ2mZH8hhdx7RN_xNQ,1547755998.0
jFZrGXYRiCY88y3cxgyaEg,1560278806.0
RSEYnNHpEyzOuGbF9NDiqQ,1560257342.0
g95TtxQ_4Ocsg0fD0aJ7-A,1568928553.0
wJExaZXSdff3k4QXqXT1WQ,1569607133.0
yVrImTFhB2tKElT-AbLQzg,1568836185.0
oebE2zxVrYPBeEa6fxCneg,1568816455.0
y9y1PAubGv_ufttllQNNrw,1539285846.0
CR6aFIA8CXEiv1UPqWxRgg,1554304361.0
-JSJF6FEwIRnpcldwtbGrg,1565014902.0
Apush8X--OhmchIexM8Ugg,1561479403.0
n_RMxJRgwXtt6DaBPVf_Ew,1560187257.0
m9KqLj2DfCseCT4yqeatxg,1572290356.0
OFmpxMlHnxPdNMH5fc0Gjg,1569606639.0
Po_1LYbStC5HvpoikqcnEQ,1569601837.0
2djjduD-i42nyhPuown0qQ,1560567436.0
jWOFqcDPHdWm3IbviKYZBg,1568390605.0
PdAhSiIG36CgP1vSZmxzhQ,1568824583.0
Q0M_Ipg9ukgQPc288JUqJA,1573669805.0
9IboFu7dQK_y2Pn4LAxutQ,1568839364.0
kf8u6-KpxVt_brnLfLON5A,1563892267.0
lru4YRrLIio4yKM-3T4udA,1560870089.0
5tvHnR9k4dYdEE4MRBBXlg,1568761001.0
30zyIoHOiTXxI328nYRKPQ,1569533160.0
38eS-hh5xjE8eYWqUqkqyA,1574184839.0
pqk_csw7gHn3s19dtk67ew,1568913106.0
z_Q8h774IsESBZuWfDYSPA,1568762661.0
DOJSQD3UV88j91QoHSnznw,1568827220.0
e8PFiSQS7oBG36IDR89tFA,1569256434.0
zNwJIJRFpmjPcaYR5tYVSw,1560296113.0
tO6LdS0w5Lxxz8GCeukCVg,1560201995.0
bwZNN39CBGmgPPH6f2YGyQ,1568917805.0
FUwxQcJaoR8ty-XfwHC10Q,1569858943.0
wbZ7xKUL8dWN2xSuNBTssA,1568758792.0
TY8zZ5D1PMdKUZTQLWFVIA,1569890299.0
jpKGWetfoXeGoraM8MIEYA,1569416812.0
MxqxeONDouc0AWZOwSEltg,1568824637.0
gz821yv5fwq8kmxCLoMVuA,1569253405.0
kKHWfadjP7i1_mRfDFqm5w,1540404916.0
VAMYaBk4Cw8w1Mxq-wF-vg,1568827604.0
4pmNYR7JNwOJPfRtLEnOtQ,1569432525.0
JhJN4Q3sUPlgfqq-lWC6Zw,1568770842.0
hJkKjoRkx07AJGkbvDMIRw,1569862226.0
ICdu5i1llH2n6UHc_9jDjA,1559759342.0
Uxzp6ROOKbtZ_Ve4cqV7mg,1569255101.0
LPEpy50EvJj2Qys78NxaKA,1547241419.0
aE8Npzj8Kb_DMJM3lOvSxQ,1570652870.0
5kayc1fdG46DdJeEK5KzSA,1560791118.0
c-b15j3QtGjx2wCJLRco2g,1568904947.0
AteDDrkMi7N-C34qBLWEqA,1568759537.0
c9_aev4HwhnzlWYEC020HA,1568992564.0
BYl3tcZSx-z5_8YXi5vFQg,1575475749.0
J7FPikxV1apEB3jUHHoY6g,1556038761.0
EIpvamV2OvgGERGV2dB2Mw,1560286340.0
o1Oc_uTC7rktfWMF_kMW2A,1568846256.0
u4ZyN0HZGr0yxz1AYfA4BQ,1568994080.0
fg5EXDtO7yDbBp8It4HOmw,1568922661.0
pobUl7GtSCe1aTye9kxWHA,1568814527.0
vwbYZaVxdkPhPNh_XvbXiw,1569603286.0
WsOEBjk9L80PYK7J461iAA,1559579669.0
pR9sYSy55OroAyvHD4y0zg,1569862384.0
V3-ufsnHOoiqNlx9vjc_AA,1568991786.0
TE4klQ08dQb6Y7_NLk_S9Q,1539800282.0
cTXBj4W8_pmgm5TrraIZcw,1568906623.0
IE-kNUs2-sB14EnxyTV6CA,1568994677.0
N1alzduPnmBK4enmwPfXNw,1568826731.0
shK7_YL0g3Fa_0ilZwtfow,1539887901.0
l0VfkjjtziTsghB3TNlUqw,1569617717.0
9Gh4kzksU7k7O36B4GQeBA,1560526022.0
NxFfneavc2PrUZyuUHK15g,1559750698.0
DzR0G_O02ozgzKhGTpKUdQ,1569254934.0
ZHu_FQkCwQU4ooMPF4h_sw,1555616153.0
RAOOEMIS4ooKH14cgVGpTA,1568993747.0
XrGVOHtIn5DogFFGJ3zrvQ,1568815229.0
Rh1qJ-J6cyCKTf10WpNqmQ,1569957258.0
K2Nj_2LgOMQGFhJ-y5r2Lw,1568813253.0
KbL8Fz2rvp-PzNxfdCZubA,1559767453.0
mBMU_OOKgraLsdyWZ5WBbw,1560790490.0
UAnIvpnuEkzs8SM5uEuZKQ,1568832412.0
xbsYH8l9tSBH-o2oWRGRyg,1568901809.0
unTzoIml1N9UOED6ALPigQ,1569260137.0
-QKWTntNpeX8n8Q254Md5Q,1560276481.0
Li1Oo2ZYLFNfdAp2omtHdQ,1559133372.0
uTlYWCel68wH_x9bRF-5vA,1569441172.0
SwiWdqfhM7eF3smcMq3RhQ,1569012350.0
5T3quJ3eUIcDGraBfntPrQ,1568771890.0
gMLmMtXaEYpinsRQv8dv1w,1568993390.0
fjnD9KzyEugIJPdyqk1Igw,1560354086.0
W3tyUSPsKjZ07snhcdIdAw,1569261314.0
_Kcv0u6-8oEiRmNCndLm_Q,1569255504.0
pFAemBJLT0EzQJ1GDmCDEA,1568915390.0
CIJRazeDkwoereZRY5Z4Aw,1569866895.0
nV8C0yBNB5rQWXICUfaL6w,1569602555.0
uds-oLR86mbXTQELqWUinA,1569422064.0
erAqG79MHyfbF358dQxtiw,1560187269.0
a9fvsUcU9CAUnDuZIwtc1A,1568839551.0
4wlAQLlPMl8WdzIefYuUzA,1568901272.0
UHp50rc0v_CVvys4DTyaCw,1569425090.0
2uk4MAT6YRvvBm0KPJyZDQ,1560487932.0
vkJvyutc1nGuWymECYY-Tg,1560530581.0
hJJ0RGrpKnUnfLzukUNDtw,1559001511.0
IyKm4ibtBBeu-hnnuFb2zQ,1569860063.0
QemfUznwT9jVrMkaXuzQ_Q,1560528239.0
0SudWPk5xPzckUBi0ib4Cg,1569016339.0
0lKYhEeN_bo8_opRf5t02w,1547740277.0
Xxp0JSClQDd2ejpZhrez9g,1568775863.0
phTDMQaD_uonJznYiTTPHg,1569859493.0
PdWGqF4ViJmJ7LFwlThQ2w,1568901342.0
qMl-2bx2pr4Q5Sn6ArgJxw,1539263895.0
7vNTEcEdD3hK1P9g83aRWA,1569601760.0
jo7iBhPqX8232gN7fU2dcQ,1547314022.0
QMk-g6SaplJgpT5aOBsiIA,1569606169.0
dypUnZnwHc3Gpag3Ml7U7g,1560286913.0
3OFzm-T2cXvq3V_vTaJ6wQ,1565614104.0
BxD7cxNER02_4MrS7EGXWg,1568841767.0
vw4xwHDNRnkZbJJRMKtITA,1560183086.0
_l2SMqQqiqH9UoxS_vQrng,1560178179.0
rY0KMuM8dcuMStUKe5V0vw,1567598131.0
bNN5non0S8stX7u3dNnADg,1560361008.0
sHCvPRvm0BfNEYGfUyIFww,1568994946.0
WU1KWiiZDU0u9RF9sQI1dA,1569270232.0
LL3gX1YxRC8867GI0qUwuQ,1569442560.0
G3zVW_CgxS1QXIpeFtg5Hg,1568914089.0
EUH31LkGwUxuYXx3rnGHTw,1569603113.0
UGeEz1_WoNELrciRhk6TDQ,1568828898.0
Wa5TXDBFTGEnwkKsVnxp4w,1568997875.0
36Q1qfxVvrs4qKjBVA8ZOQ,1543507466.0
4N9y6KCgowyIN-8jUeeeHw,1560365126.0
nby9GcF1BUacLuzv_zkG_w,1560275933.0
yModv-UoBGfoH_SBWmCubg,1569417272.0
vV_fGEaLxGwi_9ERcCnT1A,1568991688.0
alYrsZgucHlgzYhd7YfyEA,1568826019.0
XXe6nyGbIr71mPe9E-uGQA,1566389889.0
YR29dPUZEtSF9nMSfry3vw,1559321897.0
qhuzr9CDqD8HWcDR1pGxqA,1568752871.0
bfW6-Aw6rZiz2m1vjJuBOg,1568815656.0
gFiG4msU52DE43PqIzNC5Q,1568825266.0
4lkOk8YRuv73AhsXp8Q0gQ,1568842447.0
a_RdVaklf6IiohqHCppmgA,1568762990.0
EMxS9jEbK4GF_4maRogp5w,1569866983.0
bCEDUdpSk9WqBKorVzSCdw,1569265756.0
QEJkBrVb5m-Ij8a_SRUSEw,1568928370.0
WTQkyCIM-TP4piyZOKho6A,1568992675.0
RTCk67gknYZ_tAQwBVnnmg,1563218900.0
J--ScXLb1NTpORmINrep5g,1568825103.0
0kz3zLhsSz68bd_WvN9xBw,1568901728.0
yfIv1oAN7omjQ7PP79DnYg,1539263285.0
JLUMF2AV-G8_h8C8RjpTHQ,1568832112.0
xyLzLgrQOOzDXSGq0tebGw,1568930644.0
0o2NLADxZ5-C5R0gXglD8A,1560182734.0
nOfd4MSqEcHJjBnCDqUaYA,1569537203.0
VbX18PNXIuwjUVEEY8zPNA,1560792302.0
WhLtHjg7HU9Dp-t6ns42gA,1568836855.0
x2MWdCwfw5syAWh1KOOsJg,1568901662.0
rmRZg7CvjCUNe_rVh2XoVg,1568902801.0
gXXt9vESmBD9qUrkqsSpcw,1564423873.0
yUkyEPAQJPgSCrjzYI0zoQ,1566236271.0
SN4dCHME4BWgXSQcBfSnzA,1569255718.0
myJ6iwpdjPJS-PGjJfcvOw,1568828412.0
Vd78vhKm52t5mmkr9LDchg,1569860176.0
eCu2Gumr1x4bPznSjcwlKg,1569605225.0
uwcrDYzyo7epqANmYid3Yw,1539384890.0
oaHgCmJF9yeyu8enhROEjQ,1568821996.0
-5Q1RnoZv1s5dnDnV0xwZg,1569601729.0
5F3oIeTIqq4WzqXVvbVvQw,1569261059.0
4pcuxJZEelVxvjK5oOLNXg,1539263382.0
Hza1yUevP9hivpMNnPGcpg,1539349049.0
XThI0-g8gjHlP5lKFb5vRQ,1560348274.0
j5f8Y6AsSxazW9-rtp5NbQ,1570137947.0
FDKL-TpIXMhNK-31Ne4EBQ,1538153059.0
6qHueCOpbEtjlMoDad1Jtw,1568919583.0
RAlCQhcfZgSyBOV9VPbw6w,1568949553.0
p0fV8bFZ4BQZUsXnoSKbLA,1560529602.0
YswtMelTyipKjmtoN3Z3BA,1567538299.0
pZ0oTwFtPBmrDqvOQ7rQ3w,1571324371.0
RmAW5KXnWWn1DLaDFfN5Ag,1569606933.0
uxbU-0GscIyyVHWqJnvYpA,1569678357.0
5XTrmFldipyg6bd3EO4xqQ,1569417093.0
vCMIawhb5X0RUL7PwOoymQ,1560364398.0
yHB5nx14wMXOiGUGlUSCHA,1575484472.0
ucFz3WfuO3CJXgELjxj1mQ,1568751575.0
qFzSy3S_t3skXz8KP7NkrQ,1568997456.0
bfcxgvGrPGH26U20PBoZHA,1563985838.0
U6yM1OYkGua62-zX_BFzXA,1560191865.0
hR7YB6MLMSvBmvAIzaR3eQ,1568825029.0
fWsFtVol9yu8hPfDC5QZTA,1547505812.0
IAh4j-csUlPSVkrPa0LKXg,1568825027.0
VZ8n6lt7PVfGDRI6nLRJKQ,1544824757.0
gIqMqaxCTRwYIfGUAQmWcg,1568751435.0
nLal__bELn7ZiqbGOktV4w,1568823761.0
J8BBgpRxwGMcALDH5k5RZA,1560264224.0
Iz380KianGopVSkAh-lrWg,1560359765.0
i1nx3CPMSz1LR-nE4RCMfw,1569872633.0
BkWZbCnwVS9BMiRcZ6WtSg,1568906907.0
nNQsDLy7iukJVzmZVO-N5A,1569250943.0
ZNvO_-CQE9Bo0DVINWKUkQ,1568751692.0
VRHySrIuI6U7VjAVlaqchA,1560184897.0
OJvCV9ZbPqCNBF5kN3AHRA,1559142944.0
jm6-AJmxDPKhBaqJ41-xDg,1568817567.0
cHfSTtHRhAeltnyovJ3GQw,1568996921.0
wHCdFAhiGBrOduwo5NTixw,1542300655.0
UosvD6bS5L4eW3y9ba3l_Q,1563217263.0
VYBHpkVIByvM3ShGh4Y0hQ,1569268290.0
84mBmdqniJL5bgp2jQ-FOw,1542649936.0
fnxBr1F3UUXSDieyH0b5Yg,1569000502.0
bOwLFj94HEwKsU1FpItApQ,1569255796.0
M6fN3S-a1TQCyLlRrvs_TA,1568993324.0
JEPMt5WzwW7jlP69D7iqWw,1568905903.0
WW7Qkg4OX963dNmYkjvJOg,1573255661.0
UnrQ3mewyMshIwtOw555Wg,1568993019.0
K4XjkHd7Qz-g5cRyVo3vOw,1541703487.0
W2o-RJaOOS0pcCOvPALv0w,1565075397.0
0PC6ayx-JFHe7Q-z9SxXsA,1559663617.0
d965ouTlb4RDQvPxi_6pGA,1564424395.0
IBJflReKlvS2ohGRRoACcg,1570742589.0
IGs99jKoyrLc12nzvalpbw,1569336404.0
2XPMXzOcP-js3_-X9BmC8A,1571896492.0
z5T15T4OErL-Ok1FX_JV6A,1568756354.0
WymhAaTOQPJ_GHLK75vDzQ,1569606768.0
S0w_7Q8kFYL21rPkM_4CXw,1569501736.0
O6Rn7x6cFD3le7WEzQ-FYA,1560528164.0
5gy4Mn9wEp7kbzvkTRi2DA,1559047945.0
-WAgnu35SEgKMvVCrXP1mw,1568753867.0
nqkM0LZ64gg-1pu91IblOQ,1571421512.0
h5JyICCLeMlT8lRUbZFRnw,1568995815.0
gEgQvWq4En3puSpF-fbHew,1560386300.0
BMVaCcpshpwOvVbQUVlamg,1568909561.0
OvT6mfIQdrd82oXnxPmIPQ,1569607458.0
j25YGZ__92pQkKh9BRH6rg,1569808294.0
Wg10YZkWl3H1RdXCDdAbxw,1543510149.0
AQo8y8ni8ghLN8CjuJRUeA,1560791564.0
RiZ06DNwJC_pbdcTqrKsCA,1568756672.0
RpYWL_9ejPGaH0i48v6ZoA,1569022774.0
eAqKRoaEOsoq96YJ0QoBRg,1569604496.0
d0zutYrqaKYWDseg4NmElQ,1568759243.0
i60wDSHAnB5_TH63G9Ru2g,1554916915.0
05wP8NBlmeGl4bFFy93LUA,1569934194.0
9eTtrIC_wyYgOMXxcTxJVw,1568824587.0
B7QKDskIgYzq1JuS4iCOpQ,1571153007.0
y3SN8WEUoil85Cp_gBgnGA,1568824381.0
NYHMGeQI4pmuTGwXlv-20g,1568838847.0
ePrRhR9tLY1ZwZwfdgFCuw,1568916441.0
AGfno_jUuzNhdnwZ7JGRhg,1568810132.0
MERkLZ62N3mDlperleSyGQ,1568826247.0
vb30AdANHVh7ug4vuFTADg,1569610364.0
5CiV8uMI6jxbjBil4rxe_A,1560363695.0
J3NwdKoE9nrMqbYb9BEKog,1568920274.0
vEhPbeyfFH4HzWtmGFZ_BQ,1568992280.0
a7q29KMrey44LyrHx6eEMA,1560796260.0
oMCkT_YnWElZl8Rq1AyJQg,1560790607.0
yTgiTvBxLBrCRIvZwx_90Q,1559836737.0
1RDIpi1j5x6n9s_g1gw6Ag,1569256655.0
WOPlx5T54DXPZsJ1WlosFQ,1568751572.0
RHulugKCQkNUiz12QHH-Qw,1568933395.0
C8DHAS6EcHEENXnTXUvCgA,1569263466.0
NAqjbLx6T1yq2VgPBaxibg,1568825814.0
gHZj8fWbfRXP4gSLhCFy5A,1568753247.0
XTr0Y2SrSjBprBa1BTVreg,1560183175.0
uaWluYvnRnA-xfLIBeLVxA,1568901230.0
Ew69J9BF-BrFrSY4WjC1lA,1568992653.0
Q_x82mDWnB_iq4WJ5bBPYg,1568756416.0
7JUUlqHQtS1Kc3szUhyweQ,1560533477.0
Pc5e18BWHRqTlkyeKAffpQ,1568758860.0
hZPwAEN8uS_suCmkqCTl5A,1570208792.0
QN-W8cU8Q-krKRJdL33-NQ,1560528168.0
Fa6bN2JGh0rCxFCXeq2gEQ,1568825044.0
WjXg26JG810I5FGkzHgN-w,1568991597.0
K-BK1EfWBRBuXP899ks7uQ,1569336713.0
WYRQGkatNtEqW6rvPbgIqQ,1539713373.0
WzdfY1euH5aFuRSev5gbRw,1560790283.0
1w5iqEc1jROkE5lup7gO0w,1567539783.0
y0DY5OQpLvEgjF8HnhriQQ,1568991549.0
BlJkk6pPL9-RdbGsxCY8xA,1569862719.0
S_YPFfwEcMOidrMSpExEhw,1568843217.0
IOMHTaZTQT9ibyuP7spHBQ,1568993207.0
QVEde7rdOO0Q-Q5bD7SHTA,1569240919.0
e3Kkd5eGos22h4QmMw0PdQ,1568760109.0
6sPL5yGQP8XceuwmWiq86A,1569606780.0
BNU_NN70TtrepW6gz7rBog,1569281810.0
76Le7pmeWeSpZ9ORY58c3A,1569866026.0
mguDgo6ZLUxTc4T7-RxYeQ,1560182762.0
umLgZF4Q0_by-_M8L6R4Sg,1569003031.0
xBoSphF3eE2kUtXJUHyqhA,1568824636.0
fCisQGpVd4Ce2SmqJmi9DA,1568827953.0
lB4VYWam8FULp2jEvyCPxg,1568842850.0
PvmFQH2N7DOESejMDXY5TQ,1569355161.0
qlAqwscrnCMM6ek3K-iyzQ,1568759713.0
UkeJw10OgO-Y9tduQMDAkg,1568829888.0
0X273BX2c9ZTdxf_2lvmQg,1569000016.0
DWzsOtsn7HmdhZnHUfLERQ,1568752764.0
mh9Po8f8e0V5jaGhd3Ps-g,1568993498.0
xgCxbsFbHvABMZnv0S724A,1559754893.0
9qGBpf_UOjjFym1wet2pIQ,1569610593.0
Jg-yysbNa9L8IN2EbezfHA,1539350887.0
pVoH3Ju-rlN2N9IgG-GTmQ,1561140915.0
xY3Gdt_JbwRAKa8sN7WivA,1569458203.0
T7lHHbodp62cX421JUb90Q,1568991813.0
cW2_5pXgjPMou_OfFz9K7Q,1561134995.0
krHNXk5di9RGbwlp4MGATA,1560532536.0
YeL_L1u9GkZz7wHnjrTK0g,1568757505.0
n6fWKzVJMISI7uwE46pCHQ,1569273987.0
UayUEMUvaJI0IHZFJ3B34A,1560529526.0
mN-8SUTReXUqm73gN27QZQ,1567536160.0
kPqlSHeLqglQK0dMne9pRQ,1568757837.0
RY2uMob-bAXajDksxBX7Gg,1568756298.0
CS3OxaGwRmUM7l4Gn3_Xag,1568759436.0
pShOhtkjdstqL58CuWFFtg,1569859614.0
2oJ4Y6TtGM4FJhpDtj51LQ,1538772584.0
wbYFkgInlwZkLNw4wGjrTg,1568919557.0
L15RZ1HJB6kaTNPQ9LBxsA,1569516746.0
bFCf9ORDrz7RIWugHN07QA,1569521682.0
LJ48jpBYGMf21jUmDf02EQ,1544593382.0
0Iq4WVx79XZtxxaVOe2nWQ,1568828723.0
PFqi3ZB_XL3k6sqXSdgylw,1544568118.0
1PsHQqrhRCSxbZLeMHO4kA,1563898750.0
qVOFF6n4kXiPbLgGjHCYBA,1568948563.0
DdKUlfI26_ZaX2M4n3bsBw,1568920136.0
zeCYfi1BGb48blExROoJkw,1540573596.0
UF2O5ZUv-SGj1-Y0luU01Q,1560774515.0
SdGU4zbaVR67rfG0217zqg,1568756288.0
sknPrO2FFnXfmH7ScjWADg,1539283317.0
PPduzIyiiI9lkp9FnDopOw,1560722150.0
XDZfWjB2CHql8kCSHgyBSw,1568808612.0
GnqWZtelx14FBnV1Ei9ODg,1569000371.0
6ZJmVy42dc-MMSyBArBftw,1542380739.0
QwpASVfVcELLHm7NnR4vyg,1560791953.0
FF7erlakvbL97CUpl9JSAg,1560359904.0
jrYw-Vl1b_0nEVU10Ax77Q,1569256754.0
9aE9ZbPXo7zkgzAi-G510g,1568824813.0
dWXAW1DCvtqhYvwNwMDu6Q,1539718081.0
_tu4XoKuhohIxfT8rp8BOg,1568759456.0
d_fUUP_KfBIWNhOHYwwynQ,1568901184.0
W3DLv2-MnSI4x_47clzEFA,1568751402.0
Kefi0OFCcIOlmd0OxD7Pqw,1569880492.0
1RY1FjLdo0K8t3iJnpROJw,1560300049.0
YraRWK4L_mUliboV9Pvbsg,1565224563.0
g5WRT0d5CMN9itll-ktCMw,1569271067.0
BkNPTuF3Z7UxkQnBrM-Enw,1568825857.0
OjUGcusbBAjHlM10IWS-QQ,1568909867.0
1rqKnpAPPLfBXzTGYQAAcg,1570568135.0
Xk7taRX2YnYKKYwejuraaA,1560177874.0
ZBRXj7KoaX4oRRWRAE-mlw,1561052122.0
6uZbALgS7OQD_MQUIDcQJA,1569753107.0
jbbOJ5ojubknvwliloSQhw,1568840323.0
q4MFtfMNip9jxuGb3X4kJw,1568832417.0
SyMMNKK0zBMTsN4oGtLYzQ,1538504572.0
o0FMkl-Ugtz2SfAJZSJq7Q,1550368261.0
GgcvakBAXzAyjAbLwpiDaw,1568810865.0
xstaOMgNSdgPGN1h2GAydw,1569338639.0
3oxbNGdPzlcaPssIN-n4dw,1568992498.0
sQMwDc--kzTha5fueUn0dg,1568842340.0
oWKIY4Tc4qkWbwNaZAzyDQ,1568756515.0
7ReWdqaX4_C3VXj7sNo0YQ,1568812654.0
4g0QDR6eK6qFndxCEtNcAg,1537988076.0
s4dezzLxnOwmng9a0vZepA,1560187810.0
X62baDle1hsskQW0xrV2Xw,1568959562.0
9eIf6H8cfHrK9HXh-xruLw,1569605631.0
QYo3zBhJXqmtMpz2R9uq4Q,1569608476.0
LTs3QiB4JWFdGpd5nuvmEA,1561852918.0
eYV8dpaZEd0adhJUuwLVSQ,1558127701.0
gDEhcIxkw9386vWlziLAnQ,1568821762.0
9d-FLDfRYttiUnsUtaRIWQ,1568994411.0
DF3u0vsonsC6CSLYkdliJQ,1568915678.0
OPKySmS4fp9wrE-d8c8new,1569604981.0
Csn5jO7G68MkHw4W3-a5Pw,1560183328.0
qCMdQf5bOLt4JH3EqXtmNQ,1562768171.0
KSdmaoqqWYcKZiHEAmtfQA,1568818961.0
_mX5hOpnSGVYYyz5z1hb-w,1569253077.0
12NFCysBjXMHAyaHUWpqhg,1561049697.0
EDbMC2BwwUiwQ1strtVRxA,1568825830.0
-9kFTbB6HVlbobgpFs-fUg,1560189969.0
mXD02M7HxC37XXRFujzRUQ,1575477102.0
3sRkryUZd5a0ryUCvK_1LQ,1568814227.0
dcyTpkid8Cx_cz_Dna2dRw,1569356969.0
Hfl3PImWKk-PQak01cRcZw,1569333884.0
2CS8FtqOFsh_91n7yX0jeg,1544651870.0
vVm-YprfJlP9B4aL-2HlHg,1561135665.0
KvErMI5zr9LNlAntm8iOaQ,1569257138.0
u91Dr6ytU5M33sJ3Ir-8-g,1568824857.0
crKpLdT9H7W0GFJsrOIN5w,1569602192.0
dZJppkgoiOjT8-FgtiqZ6Q,1541022215.0
cF0kvlmcVOU6c_-TBxA8pg,1560205507.0
Yka1pNwTf3DzNDE2OBfmyw,1560185097.0
OsuWWnoOptLjmiYSVYX4fw,1553783304.0
ltwxjoujf1z4nOobY8NEfw,1567802192.0
C74EEWaWMTp0Tx2w-g-YTg,1569247785.0
ThpAm2B2db0cV0XFC2Y83A,1559146874.0
hv8pr2D9MS2XcrzOw0eG0w,1565067908.0
RtATUthiaon1FC1sV-C4Yw,1568910835.0
MzvIGXaNHYGwRy74AystAg,1568824559.0
n61KZysRiCl-T58JCvYvAw,1569255145.0
4s3dViQP9uQpg8mhC5UANw,1568810585.0
_ovtJWxIMp2QDKIAlR_cXw,1556999438.0
Cdu3FOmcy8LavZLLjN0b-A,1568837809.0
5poDS5fPuGBQdWY4kBhedA,1569603100.0
qR3L_bPYV0qphl5ENpGynw,1559153130.0
PTxKbUdmZeKJ2hPByLUo2w,1569255937.0
cgTN-cHYGnjJBWGHbLrd-g,1560138715.0
lV8Hs3LXdqBz-lH1SWfW0Q,1568756253.0
cTE8ef-XpubTzvUS38VA8Q,1568841053.0
mtXjQ7wNFPPiVorst4RC6g,1569530318.0
aFCApRA00-WEyQABP0EECA,1572469680.0
igFm7rlcevZNGGVx9L58qw,1539271352.0
OObCxCqbKJcPzAUuh0t2Bw,1568844487.0
RLcel0OM_S43Pm6gHwxDdQ,1568826751.0
qRoWJrt2SNr5zMAjffVPGA,1568839663.0
7IEM-TK3orWWoNdgAX-zQw,1568901259.0
MjrzEjC1PdRta_jLoEhD3g,1568907607.0
fSfGX9c8BgFbDUHfQ9l0lA,1568913156.0
Ui4COH2fF5C9ZIqQu6Bgow,1568828674.0
0Zm9-4lzrfzNlpvD0W0niA,1568906663.0
L0uZkY7Iq-eB6lkzyFwMiA,1569243657.0
BmWTxoliFnAJLWJulH03lQ,1560200588.0
IIXMIMfxIJSIrU63JoGaQQ,1540323861.0
1VUnsMMlmUG-yzGY9cRXJg,1540477452.0
BskjVIyCu7lQ_l7_lOanNg,1544551423.0
MxqK5-bitq9VP89J_pE2Cw,1558963870.0
AN-6sB2kRIvQhUOd2wgc8Q,1568992089.0
N2Bc-fTOfcR8b9i0fXBA6Q,1568821209.0
Uau-Bgx47r9IBNeah6gW0Q,1569861225.0
FqChXd4vyNbigsEs0MaoJA,1569255585.0
pjmGzWYA0XhiaSs5ecnaJQ,1563804412.0
ZOSbhek5NEPOZC70Q6ztAQ,1568783795.0
Z1rW82gXvpl5ohWy4wZvIg,1571421626.0
BZ9nh9nR-NVoRLDuejbLKA,1568752082.0
Mdvtvsjw8XsnbazeDphzKA,1568996879.0
ZSgsubhtWnM-kJAfTQAGOQ,1569339945.0
FfEy5EHm9Lh32vrLzub9jw,1560184113.0
DO_1HBYDz0CdD8bVqr-J4g,1568926849.0
lpY3URIf3Zusi8ZAjL8xcQ,1568912023.0
elLG4kJ-daboRd7xmmE9ng,1570203093.0
MFtOLL0z7vHGpHVMPNI35g,1569849237.0
